[
	{
		"keyboard":"G810",
		"skins":[
					{
						"name":"Logitech",
						"textures":[
							{"filename":"G810_alb.png", "type":"a"},
							{"filename":"G810_ao.png", "type":"ao"},
							{"filename":"G810_nrm.png", "type":"n"},
							{"filename":"G810_p.png", "type":"p"},
							{"filename":"G810_m.png", "type":"m"}
						]
					},
					{
						"name":"Battered",
						"textures":[
							{"filename":"battered_alb.png", "type":"a"},
							{"filename":"G810_ao.png", "type":"ao"},
							{"filename":"G810_nrm.png", "type":"n"},
							{"filename":"G810_p.png", "type":"p"},
							{"filename":"G810_m.png", "type":"m"}
						]
					},
					{
						"name":"CrashTest",
						"textures":[
							{"filename":"crashtest_alb.png", "type":"a"},
							{"filename":"G810_ao.png", "type":"ao"},
							{"filename":"G810_nrm.png", "type":"n"},
							{"filename":"crashtest_p.png", "type":"p"},
							{"filename":"G810_m.png", "type":"m"}
						]
					},
					{
						"name":"ScifiTech",
						"textures":[
							{"filename":"G810_scifitech_alb.png", "type":"a"},
							{"filename":"G810_ao.png", "type":"ao"},
							{"filename":"G810_scifitech_nrm.png", "type":"n"},
							{"filename":"G810_p.png", "type":"p"},
							{"filename":"G810_m.png", "type":"m"}
						]
					},
					{
						"name":"VirtualDesktop",
						"textures":[
							{"filename":"vd_alb.png", "type":"a"},
							{"filename":"G810_ao.png", "type":"ao"},
							{"filename":"G810_nrm.png", "type":"n"},
							{"filename":"vd_p.png", "type":"p"},
							{"filename":"G810_m.png", "type":"m"}
						]
					}
				]
	}
]